title,url,time,ingd,img
뱅쇼만들기/감기예방/뱅쇼,http://10000recipe.com/recipe/6887693,30분 이내,"사과
배
귤
레몬",https://recipe1.ezmember.co.kr/cache/recipe/2018/04/22/22d0d8ab5c54c8cb0871ddb9d72e97421.jpg
"옛 맛 그대로~ 동치미, 동치미 만들기",http://10000recipe.com/recipe/6880246,2시간 이상,"작은무
천일염
쪽파
배
마늘
생강
삭힌고추
고추씨
생수
소금",https://recipe1.ezmember.co.kr/cache/recipe/2017/11/29/b93e07617c4995f143a48cea77286ee01.jpg
"굴밥, 굴밥 만드는 법, 백종원 굴밥 만들기, 전기밥솥 굴밥 만들기",http://10000recipe.com/recipe/6901654,60분 이내,"쌀
굴
무
표고버섯",https://recipe1.ezmember.co.kr/cache/recipe/2018/12/10/267dfaa35b48c5678c674822b03d065e1.jpg
굴무침~바다향이 가득한 상큼한 굴무침~!~~,http://10000recipe.com/recipe/6841463,30분 이내,"굴
미나리
대파",https://recipe1.ezmember.co.kr/cache/recipe/2016/01/07/a1835a3afa1e9ba04a2b849d10851b621.jpg
"[동지 팥죽]겨울에 먹는 새알 팥죽만드는법,팥죽만들기",http://10000recipe.com/recipe/6839444,2시간 이상,"팥
찹쌀
찹쌀가루
쌀",https://recipe1.ezmember.co.kr/cache/recipe/2015/12/09/4d0204baa0f397c79429306e8376756a1.jpg
[굴무무침] 제철맞은 굴과 아삭한 무로 굴무침 해드셔요 -양싸,http://10000recipe.com/recipe/6836923,15분 이내,"굴
무
돌미나리
소금",https://recipe1.ezmember.co.kr/cache/recipe/2015/10/26/620a6deaac34188a88f9527981ee923a1.jpg
"굴전, 맛있는 굴전 만들기",http://10000recipe.com/recipe/6902227,30분 이내,"굴(알이굵은것)
소금
밀가루(또는부침가루)
달걀
파",https://recipe1.ezmember.co.kr/cache/recipe/2018/12/14/9827f3c6519cff324cba4a8b3b3b93521.jpg
백종원 시금치무침 저녁 반찬으로 추천해요,http://10000recipe.com/recipe/6903050,30분 이내,"시금치
꽃소금
간장
다진마늘
꽃소금
참기름
통깨",https://recipe1.ezmember.co.kr/cache/recipe/2018/12/28/c97d633886a48c89095e1b79197f13511.jpg
겨울철 별미 굴무침,http://10000recipe.com/recipe/6840801,30분 이내,"양파즙
무우
양파
청양고추
마늘
쪽파
당근
통깨",https://recipe1.ezmember.co.kr/cache/recipe/2015/12/28/62d8406ccccbfc7fc0ddffbae20baaaa1.jpg
"잡채 만드는 법, 황금레시피로 잔치요리 만들기 !",http://10000recipe.com/recipe/6869868,30분 이내,"당면
양파
당근
시금치
표고버섯
돼지고기(잡채용등심)",https://recipe1.ezmember.co.kr/cache/recipe/2017/05/16/b00ed308bc14c97906af7865a371ac1d1.jpg
수육 맛있게 삶는법 백종원 레시피로 부드럽게,http://10000recipe.com/recipe/6915139,60분 이내,"돼지고기(앞다리살또는삼겹살)
통마늘
양파
미림
된장
월계수잎
통후추
대파",https://recipe1.ezmember.co.kr/cache/recipe/2019/07/02/e619096726a2452b3887e7638ed17ac51.jpg
무청 시래기된장국,http://10000recipe.com/recipe/6842096,60분 이내,"시래기
대파
청양고추
물
쌀뜨물
멸치육수(or물)",https://recipe1.ezmember.co.kr/cache/recipe/2016/01/15/2f30e5c3c9148cea36f68053e0df5e961.jpg
"맛보장 백종원 코다리찜, 코다리조림 ",http://10000recipe.com/recipe/6948133,60분 이내,"무
양파
꽈리고추
풋고추
홍고추
물종이컵",https://recipe1.ezmember.co.kr/cache/recipe/2020/12/11/08d950736565222956ffe7f02b9708991.jpg
"우리집 황금레시피로 카레 만드는 법,카레재료",http://10000recipe.com/recipe/6851792,30분 이내,"카레가루
카레용돼지고기
감자큰거
당근
양파
새송이버섯
우유
버터
후추
물
마늘",https://recipe1.ezmember.co.kr/cache/recipe/2016/06/29/e72edf5c3976b23202cb41793aca87dc1.jpg
제철맞은 굴로 굴전 만들기 ,http://10000recipe.com/recipe/6879494,30분 이내,"굴(2인기준)
천일염
부침가루듬뿍
계란
다진당근
파다진것
청주",https://recipe1.ezmember.co.kr/cache/recipe/2017/11/13/25cc309326a155e934e88aee41e9e5b71.jpg
백종원 오뎅볶음레시피 이대로만 하면 진리! 야채에도 밥 비벼먹어요~♬,http://10000recipe.com/recipe/6864526,10분 이내,"오뎅
양파
대파
청양고추
마늘",https://recipe1.ezmember.co.kr/cache/recipe/2017/01/30/e2dd583de10047c8088967db067e7c951.jpg
백선생 시금치무침 만드는법 초간단,http://10000recipe.com/recipe/6862530,15분 이내,"시금치
소금
다진마늘
국간장
참기름
깨소금or통깨",https://recipe1.ezmember.co.kr/cache/recipe/2016/12/08/42c85d50c9aade52ccf87bbd99e359261.jpg
뜨끈한 국물이 일품인 시금치된장국/시금치두부된장국 만들기♥,http://10000recipe.com/recipe/6858833,30분 이내,"된장
다진마늘
시금치
대파
다시마(5*5)
다시멸치
두부",https://recipe1.ezmember.co.kr/cache/recipe/2016/10/19/92c7f040e2595e5504b027a28f74959d1.jpg
초간단 순두부 백종원순두부만들기 백주부 순두부찌개 만드는 방법,http://10000recipe.com/recipe/6842257,15분 이내,"돼지고기다짐육(앞다리살)
달걀
순두부
느타리버섯
팽이버섯
양파
대파
다진마늘
고춧가루
소금
간장
설탕
참기름
물",https://recipe1.ezmember.co.kr/cache/recipe/2016/01/28/3d80ea535856cd83b9261c564a05ac0a1.jpg
제철음식 굴을 이용한 굴무침 황금레시피 ,http://10000recipe.com/recipe/6883362,30분 이내,"굴
무
대파
소금",https://recipe1.ezmember.co.kr/cache/recipe/2018/02/03/6274acbc2ee0b916b48a51504bbf66671.jpg
수육 만들기! 보쌈 만드는법어렵지 않아요,http://10000recipe.com/recipe/6861312,120분 이내,"수육용삼겹살
굴소스
후추
파
마늘
된장
생강작은것
월계수잎",https://recipe1.ezmember.co.kr/cache/recipe/2016/11/20/06248ce41036f9484dca1d98c6a68d911.jpg
"[찌개요리]된장찌개 맛있게 끓이는법,된장찌개 만드는법",http://10000recipe.com/recipe/6850626,30분 이내,"두부
양파
감자
호박
대파
청양고추",https://recipe1.ezmember.co.kr/cache/recipe/2016/06/08/24c312f82313faaf1e4d5ef98761efcb1.jpg
"소고기 장조림 황금레시피, 두고두고 먹는 밑반찬 만들기!",http://10000recipe.com/recipe/6869801,30분 이내,"소고기(기름기없는홍두깨살or우둔살)
통마늘
생강
건고추
다시마
대파
표고버섯
간장
설탕
술
후추
물",https://recipe1.ezmember.co.kr/cache/recipe/2017/05/15/804fa4c23455e1e1c0f9578452fd23ba1.jpg
백종원 만두국 끓이는 법 진짜 쉽고 맛있는 만둣국 황금레시피 ~ ,http://10000recipe.com/recipe/6879701,15분 이내,"만두
후추
소금
계란
양파
대파
국간장",https://recipe1.ezmember.co.kr/cache/recipe/2017/11/17/0ea5a195ea26cc89fab480a97cd0a7c31.jpg
차돌박이숙주볶음 박나래도 인정한 술안주,http://10000recipe.com/recipe/6883714,10분 이내,"차돌박이
숙주
다진마늘
대파
후추",https://recipe1.ezmember.co.kr/cache/recipe/2018/02/09/4e73d04fd9574f56810ba8b5daba72de1.jpg
깔끔한 국물이 일품인 배추된장국,http://10000recipe.com/recipe/6899831,30분 이내,"배춧잎
두부
대파썰어서
된장
다진마늘",https://recipe1.ezmember.co.kr/cache/recipe/2018/11/09/cff44bf2aed9b64f0053c3f85dfeb8d71.jpg
미역국 단시간에 뽀얗고 진하게 끓이기.,http://10000recipe.com/recipe/6867565,30분 이내,"미역
다진마늘
간장
된장
소금",https://recipe1.ezmember.co.kr/cache/recipe/2017/03/28/61fdd74be6ba26d779a90b2777c66f4a1.jpg
잡채 만드는 법,http://10000recipe.com/recipe/6905889,90분 이내,"당면
소고기
양파
파프리카노랑
파프리카빨강
당근
느타리버섯
시금치",https://recipe1.ezmember.co.kr/cache/recipe/2019/02/03/b967403fe8c42c5814ea0042207a2c931.jpg
아삭 건강한 깍두기 담그는법~ ,http://10000recipe.com/recipe/6868573,90분 이내,"무
천일염",https://recipe1.ezmember.co.kr/cache/recipe/2017/04/17/336d80fa18301c2ee909c4d96633608a1.jpg
백종원 떡볶이 레시피 / 맛있는 떡볶이 추천!!,http://10000recipe.com/recipe/6858080,15분 이내,"떡
물
대파",https://recipe1.ezmember.co.kr/cache/recipe/2016/10/07/f43063e718c49d85ddce4880e4a41fcd1.jpg
하이볼 만드는법 위스키 하이볼 만들기,http://10000recipe.com/recipe/6968091,5분 이내,레몬혹은레몬즙,https://recipe1.ezmember.co.kr/cache/recipe/2021/11/03/53dda3df69072c17fb56e63fc1eb1ac91.jpg
"설날 떡국 맛있게 끓이는 법, 소고기를 듬뿍 넣어 국물 맛이 진한 떡국 레시피!",http://10000recipe.com/recipe/6883026,30분 이내,"떡국떡(밥그릇으로)
국거리소고기
대파
계란
물
다진마늘
국간장
액젓
참기름
식용유
소금
후춧가루",https://recipe1.ezmember.co.kr/cache/recipe/2018/01/29/c84c408cd7588b7b2d6a12d031a3bc981.jpg
에어프라이어로 군고구마 굽는 법 ,http://10000recipe.com/recipe/6899928,60분 이내,군고구마,https://recipe1.ezmember.co.kr/cache/recipe/2018/11/11/e30e0971a9f32d493d027cd7cb97f5121.JPG
"백종원 감자탕 레시피, 생각보다 너무 쉽고 맛있어요",http://10000recipe.com/recipe/6873935,2시간 이상,"돼지등뼈
감자
무청
대파
깻잎
물",https://recipe1.ezmember.co.kr/cache/recipe/2017/08/02/85d454a30f1eed0592d7684d9bd4e1c91.jpg
백종원 오이무침 새콤달콤 맛있게~,http://10000recipe.com/recipe/6897261,10분 이내,"오이
양파",https://recipe1.ezmember.co.kr/cache/recipe/2018/10/06/b1b388113cd0d3c3c3ce3838f838bfef1.jpg
"초간단 배추전, 양념장 만들기",http://10000recipe.com/recipe/6879390,30분 이내,"배추속
밀가루
물
간장
식용유",https://recipe1.ezmember.co.kr/cache/recipe/2017/11/10/0f7f889d0e0ef71f15b69baf438468d31.jpg
된장 국물이 시원하고 얼큰한 배추 된장국 만들기,http://10000recipe.com/recipe/6867648,10분 이내,"알배추
대파
된장
고춧가루
다진마늘
멸치다시육수",https://recipe1.ezmember.co.kr/cache/recipe/2017/03/29/b2f10a946f4f359fd820ff39b702ef2b1.jpg
"백종원 육개장, 육개장 만드는거 어렵지않네 ~",http://10000recipe.com/recipe/6871892,30분 이내,"소고기
고사리
대파
숙주
표고버섯",https://recipe1.ezmember.co.kr/cache/recipe/2017/06/28/f700b6cfd480b078762c3c38fe874dd01.jpg
초간단 순두부찌개 간단하지만 깊은맛이 나는 순두부찌개 만드는법!! (야매순두부찌개),http://10000recipe.com/recipe/6891575,15분 이내,"순두부
고추참치
다진마늘
참기름
고춧가루
국간장
대파
계란",https://recipe1.ezmember.co.kr/cache/recipe/2018/06/27/c772f1bac547d15340d8bdf23010df2f1.jpg
백김치 담그는 방법~ 개운한 음식 백김치!,http://10000recipe.com/recipe/6877781,2시간 이상,"배추
소금
쪽파
배
당근
무
양파
홍고추
마늘
생강
마늘
뉴슈가
찹쌀풀
물",https://recipe1.ezmember.co.kr/cache/recipe/2017/10/12/ef756ef9db88bdd4c30afb00fc944b8c1.jpg
김치비지찌개 만드는 법(콩비지찌개 레시피),http://10000recipe.com/recipe/6880005,30분 이내,"콩비지
김치
돼지고기(찌개용)
새우젓
고춧가루
다진마늘
대파
홍고추
물
김치국물
들기름",https://recipe1.ezmember.co.kr/cache/recipe/2017/11/23/d42f68665015f37d9964a169e3fa5d031.jpg
바삭하고 달짝지근~ 고소한 멸치볶음! 효자밑반찬이 따로 없어요~:: 멸치주먹밥/멸치효능,http://10000recipe.com/recipe/6881457,15분 이내,"멸치
다진파
다진마늘
통깨
견과류",https://recipe1.ezmember.co.kr/cache/recipe/2017/12/28/6bdbd20c704aa6f1c7c5333a1e7d54331.jpg
 김장김치 배추10포기 김장 담그기,http://10000recipe.com/recipe/6901096,2시간 이상,"배추
무(다발무)
쪽파
홍갓
미나리
간수뺀천일염",https://recipe1.ezmember.co.kr/cache/recipe/2018/12/01/8009a2544caf0d194da71ec34ea9f51f1.jpg
【이열치열】간단 순두부찌개 만들기~,http://10000recipe.com/recipe/6871912,15분 이내,"다진돼지고기
순두부
양파
대파
땡초
호박
계란노른자(생략가능)",https://recipe1.ezmember.co.kr/cache/recipe/2017/06/28/e643ab1315aa7fd9e5497dd3bc310c2a1.jpg
국물이 너무 개운해요~맑은콩나물국 맛있게 끓이는법(김진옥요리가좋다),http://10000recipe.com/recipe/6905196,15분 이내,"콩나물
다진파
멸치다시마육수
다진마늘
국간장
멸치액젓
소금",https://recipe1.ezmember.co.kr/cache/recipe/2019/01/25/8bed3206ef470a0d7d23d565564805261.jpg
오뎅탕 어묵탕 끓이는법 - 육수비법은 요거!어머이맛은!!♡ ,http://10000recipe.com/recipe/6880936,30분 이내,"어묵
육수용멸치
다시마(5x5)
무
대파뿌리(or대파)
물
간장
미림
소금
쑥갓
버섯",https://recipe1.ezmember.co.kr/cache/recipe/2017/12/14/411d34d5870e43f5a1c2bbff75f14f041.jpg
절대 실패없는 제육볶음 황금레시피 감칠맛과 매운맛이 좋아요~!!,http://10000recipe.com/recipe/6905743,30분 이내,"돼지고기앞다리살
양파
청양고추
대파",https://recipe1.ezmember.co.kr/cache/recipe/2019/01/31/e8cab950076b23a80f16dd7858dd514e1.jpg
집에 있는 재료로 간단하게~ 오므라이스,http://10000recipe.com/recipe/6882172,15분 이내,"햄
양파(대)
당근
감자(중)
파(잎위주)
식은밥
케찹
소금
후추
계란",https://recipe1.ezmember.co.kr/cache/recipe/2018/01/11/9e76725890d949d646668b85c9a1de181.jpg
"계란삶기TIP! / 반숙계란,완숙계란 삶는법!",http://10000recipe.com/recipe/6850255,15분 이내,"계란
소금",https://recipe1.ezmember.co.kr/cache/recipe/2016/05/31/bcf58d6ab3dce24b67eee0f912c8e3001.jpg
백종원 계란찜만들기~폭탄계란찜 만드는법,http://10000recipe.com/recipe/6834206,15분 이내,"달걀
대파
깨소금
참기름",https://recipe1.ezmember.co.kr/cache/recipe/2022/11/03/01fbb6b5b3cd54fa744ec0ab9f371ba81.jpg
고구마맛탕 만들기 튀기지 않고~,http://10000recipe.com/recipe/6885349,30분 이내,"고구마
올리고당
설탕
물
통깨",https://recipe1.ezmember.co.kr/cache/recipe/2018/02/25/9ae57a6045ffce5fdbe74977bb060bbe1.jpg
시금치무침 만드는 법 시금치나물무침,http://10000recipe.com/recipe/6840346,15분 이내,"시금치
대파흰부분만",https://recipe1.ezmember.co.kr/cache/recipe/2015/12/21/4b18778769ccdab54b57d7ddbc753f501.jpg
꼬막무침 삶는방법부터 양념장까지 완벽하게!!,http://10000recipe.com/recipe/6869539,60분 이내,꼬막,https://recipe1.ezmember.co.kr/cache/recipe/2017/05/10/2decfca86fe2d199b862cc1e38349b9e1.jpg
백종원 소갈비찜 야들야들하니 맛있어요,http://10000recipe.com/recipe/6876505,60분 이내,"소갈비
감자
당근
대파
생수",https://recipe1.ezmember.co.kr/cache/recipe/2017/09/15/af5ed61b01ce6d0c8ded20d59f0d15e31.jpg
백종원 제육볶음 레시피^^ 백종원의 노하우가 들어있는 손쉬운 레시피 백종원 제육볶음 만들기!!!,http://10000recipe.com/recipe/6841008,30분 이내,"돼지고기
양파
청양고추
대파",https://recipe1.ezmember.co.kr/cache/recipe/2016/01/03/2719de5f7ea19aceb5b859d36b853b481.jpg
"경상도식 얼큰 소고기무국 만드는 법, 국물이 칼칼해서 해장국으로도 좋아요 !",http://10000recipe.com/recipe/6880161,60분 이내,"소고기국거리
참기름
숙주나물
큰무
대파
청양고추
홍고추
고춧가루
물
국간장
소금
다진마늘",https://recipe1.ezmember.co.kr/cache/recipe/2017/11/28/8de576e493f7a36e610d5ef3af5549b61.jpg
"전자렌지 계란찜, 시간없을때 후다닥~!!",http://10000recipe.com/recipe/6872694,10분 이내,"계란
물
소금
야채",https://recipe1.ezmember.co.kr/cache/recipe/2017/07/13/90b427b8b07b396178d8baa7fdd991201.jpg
떡갈비 황금레시피(떡갈비 만들기),http://10000recipe.com/recipe/6851683,30분 이내,"소고기다진것
돼지고기다짐육",https://recipe1.ezmember.co.kr/cache/recipe/2016/06/27/d321ac09144d01034618570a6c6c10601.jpg
"소고기무국 황금레시피, 재료는 간단! 맛은 최고!",http://10000recipe.com/recipe/6845113,30분 이내,"무
소고기(국거리용)
대파",https://recipe1.ezmember.co.kr/cache/recipe/2016/03/22/34653c3f0b81699d266dcfc1418365c01.jpg
두부조림 양념장 만드는 법 ,http://10000recipe.com/recipe/6891526,60분 이내,"두부
물
소금",https://recipe1.ezmember.co.kr/cache/recipe/2018/06/26/b423d8a43b45d4f8dd820f82fb37a9461.jpg
생생정보통 잡채 황금레시피 이거였네,http://10000recipe.com/recipe/6879533,30분 이내,"당면
당근
파프리카
목이버섯
양파
부추
잡채용돼지고기",https://recipe1.ezmember.co.kr/cache/recipe/2017/11/14/a2d4839b5743d121d4d2b46fdbc9aa5b1.jpg
대박 맛집 김치찌개,http://10000recipe.com/recipe/3686217,60분 이내,"김치
포도씨유
대파
두부
물(멸치육수)
참치",https://recipe1.ezmember.co.kr/cache/recipe/2015/08/25/d1754942db6cebf74146eff6225e620d1.jpg
[연근조림] 아작 아작 달콤 짭쪼름한 연근 조림 만들기,http://10000recipe.com/recipe/6840027,30분 이내,"연근
식초
소금",https://recipe1.ezmember.co.kr/cache/recipe/2015/12/15/8c5985330bbbd967a694b4a994063df61.jpg
백종원 김치볶음밥 쉽고 맛있게 만들기 ~ ♬,http://10000recipe.com/recipe/6865385,10분 이내,"김치
베이컨
대파
달걀
식용유or올리브유
간장",https://recipe1.ezmember.co.kr/cache/recipe/2017/02/16/c616f6e7631597fc927c79b5c0304e641.jpg
메추리알장조림 황금레시피 간장 설탕 비율,http://10000recipe.com/recipe/6885047,30분 이내,"메추리알
간장
설탕
다시마",https://recipe1.ezmember.co.kr/cache/recipe/2018/03/07/5769997d66d157f978ffd4a7c66d4ff91.jpg
백종원 소고기 미역국 맛있게 끓이는 법,http://10000recipe.com/recipe/6840689,60분 이내,"미역
소고기양지",https://recipe1.ezmember.co.kr/cache/recipe/2015/12/24/7b10402a82606a5a3de6710c93a110f41.jpg
백종원 어묵볶음 만드는법 간단하면서 맛있다,http://10000recipe.com/recipe/6903394,30분 이내,"어묵
당근
양파
마늘",https://recipe1.ezmember.co.kr/cache/recipe/2019/01/03/eddabfd7eec938df019816582dcab2ec1.jpg
미역줄기볶음 짜지 않게 비린내 없이!,http://10000recipe.com/recipe/6876544,30분 이내,"염장미역줄기
당근
양파(중)
식용유
다진마늘
국간장
참기름
깨",https://recipe1.ezmember.co.kr/cache/recipe/2017/09/15/6229b0022c9376c251d4527730ce0ee01.jpg
백종원레시피로 만든 콩나물무침으로 밥 한 끼 뚝딱 ~ ,http://10000recipe.com/recipe/6867256,10분 이내,"콩나물
대파(또는쪽파)
당근",https://recipe1.ezmember.co.kr/cache/recipe/2017/03/22/93dd58483544283879abe07cb3ca75961.jpg
"매콤 된장찌개, 채소와 두부만 넣은 초간단 초스피드 된장찌개",http://10000recipe.com/recipe/6859263,15분 이내,"느타리버섯
양파
애호박
청양고추
두부
물",https://recipe1.ezmember.co.kr/cache/recipe/2016/10/27/462f2e2c70a260e044c4450bc18e6f651.jpg
소불고기 황금 양념 레시피,http://10000recipe.com/recipe/6879215,30분 이내,"소불고기
양파
대파
팽이버섯
느타리버섯",https://recipe1.ezmember.co.kr/cache/recipe/2017/11/07/ca8c24608189aaf9d376f14b3f3be57c1.jpg
안동찜닭 황금레시피 찜닭 레시피 중에서 최고!,http://10000recipe.com/recipe/6880798,60분 이내,"손질된닭한마리
당면
감자큰거
양파
당근
오이
대파
청고추",https://recipe1.ezmember.co.kr/cache/recipe/2017/12/11/8abb7bc5ceede607442029340e1b72011.jpg
"파김치 황금레시피,파김치 담그는법",http://10000recipe.com/recipe/6868260,30분 이내,"쪽파
설탕
고춧가루
물
멸치액젓
다진마늘",https://recipe1.ezmember.co.kr/cache/recipe/2017/04/11/123857520f640efa476baaa5c975dc371.jpg
볶음김치 황금레시피 김치볶음 밑반찬,http://10000recipe.com/recipe/6877896,10분 이내,"익은김치
김칫국물
설탕
양파(중)
대파(흰부분)
식용유
참기름
통깨",https://recipe1.ezmember.co.kr/cache/recipe/2017/10/14/7804733868375a0baef063db54e8f6651.jpg
백종원 돼지고기 김치찌개 만들기 ,http://10000recipe.com/recipe/6850116,60분 이내,"돼지고기
김치
설탕
고춧가루
간장
양파
대파
다진마늘
청양고추
들기름
물
된장
새우젓",https://recipe1.ezmember.co.kr/cache/recipe/2016/05/29/2a170363760225a934d26ff7e94cede31.jpg
생선 없이도 깊은 맛이 나는 '백종원 무조림' 레시피,http://10000recipe.com/recipe/6895723,30분 이내,"작은무
멸치
대파
물",https://recipe1.ezmember.co.kr/cache/recipe/2018/09/12/87c098dbfe15fd8a9e4e092ae98983291.jpg
"소세지야채볶음 황금레시피, 쏘야 맛있게만들기",http://10000recipe.com/recipe/6872975,30분 이내,"비엔나소세지
양파
파프리카
당근
식용유",https://recipe1.ezmember.co.kr/cache/recipe/2017/07/19/907c4662b413b0cdbc4e9ea088935ba21.jpg
핫한 '마약계란장' 만들기!,http://10000recipe.com/recipe/6891591,15분 이내,"계란
식초
소금",https://recipe1.ezmember.co.kr/cache/recipe/2018/06/27/16c30371f074864b3696f8edfd8b12591.jpg
쉽고 간단하게 '냄비밥' 하는 법,http://10000recipe.com/recipe/6886360,60분 이내,"쌀
물",https://recipe1.ezmember.co.kr/cache/recipe/2018/03/30/04543ee67480f30cedf3d831e74482511.jpg
김치 볶음밥 완전 새로운 방식!,http://10000recipe.com/recipe/6923068,15분 이내,김치,https://recipe1.ezmember.co.kr/cache/recipe/2021/01/22/f0bf8a6d9f81e19e1544830c96261cdc1.jpg
"메추리알 장조림, 간단한 밑반찬으로 이만한게 없쥬?",http://10000recipe.com/recipe/6871949,30분 이내,메추리알,https://recipe1.ezmember.co.kr/cache/recipe/2017/06/29/82da685d18b957e40ba67fef4c2ffa261.jpg
"식당에서 먹던 맛과 비주얼 그대로, 폭탄 계란찜 만드는 법",http://10000recipe.com/recipe/6872350,15분 이내,"계란
소금
설탕
대파또는쪽파
통깨
참기름
물",https://recipe1.ezmember.co.kr/cache/recipe/2017/07/06/c807784ab41809f624a6a4a7466cd5bd1.jpg
"무생채 만드는 법, 절이지 않고 10분 만에 휘리릭 ~ ",http://10000recipe.com/recipe/6893285,15분 이내,"무
고춧가루
다진마늘
설탕
식초
액젓
소금
통깨
송송썬대파",https://recipe1.ezmember.co.kr/cache/recipe/2018/07/29/52046ea43391de69233f594b0b52bb311.JPG
잔치국수 양념장 황금레시피 이렇게~,http://10000recipe.com/recipe/6836180,30분 이내,"국수
호박
당근
계란
김가루
김치(익은것)",https://recipe1.ezmember.co.kr/cache/recipe/2015/10/14/434379c503e37e6964324965a79d3a101.jpg
닭볶음탕 닭도리탕 황금레시피 짱짱맛 칼칼함이 남달라,http://10000recipe.com/recipe/6883937,60분 이내,"닭
당근
양파
감자
대파초록색부분20센티
청양고추",https://recipe1.ezmember.co.kr/cache/recipe/2018/02/13/e0649f3f0b446f39c9a7bdff70d953691.jpg
크림파스타 만들기 크림스파게티 만드는 법 생각보다 간단해요 :),http://10000recipe.com/recipe/6901938,20분 이내,"올리브유
파스타면
베이컨작은거
체다치즈
소금
후추
흰우유
양송이버섯
다진마늘
버터
채썬양파",https://recipe1.ezmember.co.kr/cache/recipe/2018/12/14/2e5a56658f3abe62fa741b2958e3354e1.jpg
돼지고기 김치찜 만드는 법,http://10000recipe.com/recipe/6889570,120분 이내,"돼지고기
김치
양파
청양고추
대파
고춧가루",https://recipe1.ezmember.co.kr/cache/recipe/2018/05/25/53402adf0a5eb2b854649925343219481.jpg
【본죽장조림】소고기장조림 만들기~,http://10000recipe.com/recipe/6886559,90분 이내,"장조림용소고기
물
소주(소주잔기준)
양파
대파
통마늘
생강(마늘크기)
다시마
사과(배)",https://recipe1.ezmember.co.kr/cache/recipe/2018/04/02/1a3b68d046470bee7bb52c3cced16ad01.jpg
【초간단】국민반찬 진미채 볶음 만들기~,http://10000recipe.com/recipe/6867849,15분 이내,진미채,https://recipe1.ezmember.co.kr/cache/recipe/2017/04/03/4054908fb98f03d40783388c2889f1c81.jpg
참치김치찌개 황금레시피 맛있게 끓여먹어요~,http://10000recipe.com/recipe/6864674,10분 이내,"신김치
대파
참치
식용유
고추가루
김치국물
물",https://recipe1.ezmember.co.kr/cache/recipe/2017/02/02/82a199e83078f6c5d8c21c93ffcc72841.jpg
제육볶음 만드는법 # 기사식당st 레시피,http://10000recipe.com/recipe/6845428,30분 이내,"돼지고기앞다리살
양파
당근
마늘
파
고추",https://recipe1.ezmember.co.kr/cache/recipe/2016/03/27/3b2359adaaaff4853eecfa07a04ac3a71.jpg
"순두부찌개. 바지락, 고기 없이도 기가 막힌 순두부찌개 만드는 법 / 만들기 / 순두부찌개 황금 레시피",http://10000recipe.com/recipe/6912220,30분 이내,"순두부
대파
양파
애호박
청양고추
달걀
참기름
식용유
고추가루
소금
설탕
굴소스
간장
다진마늘
멸치육수",https://recipe1.ezmember.co.kr/cache/recipe/2019/08/07/8683a91920e8857cc7aba8fd79da46a91.jpg
"엄마의 레시피, 소고기 미역국 끓이는 법",http://10000recipe.com/recipe/6873683,60분 이내,"소고기(국거리용)
미역
쌀뜨물(혹은물)
다진마늘
참기름
국간장
소금",https://recipe1.ezmember.co.kr/cache/recipe/2017/07/28/860484b80033e84a3584a366ae903a0d1.jpg
"오징어 볶음, 향과 맛이 일품! 백종원 오징어 볶음",http://10000recipe.com/recipe/6903507,20분 이내,"오징어
양배추
당근
양파
풋고추
파
식용유",https://recipe1.ezmember.co.kr/cache/recipe/2019/01/04/518d5bf35102aa51bf58078f7a25dc751.jpg
돼지고기고추장찌개,http://10000recipe.com/recipe/6885185,60분 이내,"돼지고기
감자
애호박
청양고추
다진마늘
고추장
양파
간장
설탕
올리고당
소금
참기름
고춧가루",https://recipe1.ezmember.co.kr/cache/recipe/2018/02/23/6301ea463593d23b0adc8694178ad0aa1.jpg
부대찌개 양념 만드는법 홀릭되는 맛임,http://10000recipe.com/recipe/6884636,30분 이내,"김치
비엔나
스팸
두부
떡
대파10센티
홍고추
청양고추큰거
사골곰탕",https://recipe1.ezmember.co.kr/cache/recipe/2018/02/27/b5806f01ccb6f6d5d9aa94bdd6f4287e1.jpg
닭볶음탕 진짜진짜 황금레시피 알려 드려요~~^^,http://10000recipe.com/recipe/6876357,60분 이내,"닭
당면
감자
당근
양파
고추
대파
다진마늘
우유",https://recipe1.ezmember.co.kr/cache/recipe/2017/09/12/e082636233ee03a012fc656d428df5971.jpg
"마지막 한 젓가락까지 바삭하고 고소한 간장 멸치볶음(아이밑반찬,간단반찬)멸치볶음 ",http://10000recipe.com/recipe/6891816,10분 이내,잔멸치300cc,https://recipe1.ezmember.co.kr/cache/recipe/2018/07/02/760e92406112f6a0ad98d84844cbfc7e1.jpg
너무 간단한데 맛있어서 놀라는 백종원 분식점 떡볶이 황금 레시피,http://10000recipe.com/recipe/6894096,15분 이내,"떡볶이떡
물
대파
통깨",https://recipe1.ezmember.co.kr/cache/recipe/2018/08/13/3233d427883d15239f297aeeaf1775531.jpg
양념장이 참 맛있는 두부조림,http://10000recipe.com/recipe/6906655,30분 이내,"두부
양파
파
식용류
들기름",https://recipe1.ezmember.co.kr/cache/recipe/2019/02/15/51440490a12476fc20860f3e9bde29781.jpg
